<?xml version="1.0" encoding="UTF-8"?>
<project-private xmlns="http://www.netbeans.org/ns/project-private/1">
    <editor-bookmarks xmlns="http://www.netbeans.org/ns/editor-bookmarks/2" lastBookmarkId="0"/>
    <open-files xmlns="http://www.netbeans.org/ns/projectui-open-files/2">
        <group>
            <file>file:/C:/Users/USER/Netbeans/UD10Entregable/src/ud10entregable/datos.java</file>
            <file>file:/C:/Users/USER/Netbeans/UD10Entregable/src/ud10entregable/controlador.java</file>
            <file>file:/C:/Users/USER/Netbeans/UD10Entregable/src/ud10entregable/FXMLDocumentController.java</file>
            <file>file:/C:/Users/USER/Netbeans/UD10Entregable/src/ud10entregable/Persona.java</file>
        </group>
    </open-files>
</project-private>
